"station_id","station","state","first_local_date","last_local_date","supported_comparison_months","in_peer_comparison","reason","all_lead_pairs","source_predictions"
"1","Salt Lake City","UT","2021-11-26","2026-09-19","36","true","","57802","1543142"
"2","Jacksboro","TN","2021-11-27","2026-09-19","36","true","","52858","1426845"
"3","Oak Ridge","TN","2021-11-27","2026-09-19","36","true","","56452","1515529"
"4","SeaTac","WA","2021-11-26","2026-09-19","36","true","","60066","1597181"
"5","Vancouver","WA","2021-11-26","2026-09-19","36","true","","57933","1557440"
"7","St. George","UT","2021-11-26","2026-09-19","36","true","","54299","1456069"
"8","Commerce City","CO","2021-11-26","2026-09-19","36","true","","55700","1489728"
"9","North Kansas City","MO","2021-11-27","2026-09-19","36","true","","59583","1589463"
"10","Bedford Park","IL","2021-11-27","2026-09-19","36","true","","58081","1553855"
"11","Rosemont","IL","2021-11-26","2026-09-19","36","true","","61353","1635907"
"12","Romulus","MI","2021-11-27","2026-09-19","36","true","","56636","1519239"
"13","Lynnview","KY","2021-11-27","2026-09-19","36","true","","57684","1547108"
"14","View Park-Windsor Hills","CA","2021-11-26","2026-09-19","36","true","","58957","1576312"
"15","Guadalupe","AZ","2021-11-26","2026-09-19","36","true","","60219","1607796"
"16","Montgomery","AL","2021-11-27","2026-09-19","36","true","","52675","1421391"
"18","Highland Park","TX","2021-11-27","2026-09-19","36","true","","58401","1555951"
"19","Orange Park","FL","2021-11-27","2026-09-19","22","false","Only 22 of 36 comparison-window months have at least 30 screened pairs on 10 dates at every lead; need 24","39388","1065810"
"20","Norfolk","VA","2021-11-27","2026-09-19","36","true","","57104","1527150"
"21","Myrtle Beach","SC","2021-11-27","2026-04-16","36","true","","49806","1339157"
"22","Valley Brook","OK","2021-11-27","2026-09-19","36","true","","56852","1519839"
"23","Helena","MT","2021-11-26","2026-09-19","36","true","","57259","1531423"
"24","Guttenberg","NJ","2021-11-27","2026-09-19","36","true","","58990","1580913"
"25","Inwood","NY","2020-12-25","2026-04-16","36","true","","55485","1473447"
"26","College Park","GA","2021-11-27","2026-09-19","36","true","","56849","1519616"
"27","Paulsboro","NJ","2021-11-27","2026-09-19","36","true","","55858","1494965"
"28","Las Vegas","NV","2021-11-26","2026-09-19","36","true","","56383","1512308"
"29","La Cienega","NM","2021-11-26","2026-09-19","34","true","","46368","1295988"
"30","Bangor","ME","2021-11-27","2026-09-19","36","true","","50459","1371713"
"31","Coronado","CA","2021-11-26","2026-09-19","36","true","","55777","1493304"
"32","Bismarck","ND","2021-11-24","2026-09-19","36","true","","59157","1578082"
"33","Edmundson","MO","2021-11-27","2026-09-19","35","true","","54560","1496965"
"34","Juneau","AK","2021-11-26","2026-09-19","36","true","","58723","1567788"
"35","Carolina","PR","2021-11-27","2026-09-19","36","true","","53163","1435870"
"36","Pierre","SD","2021-11-26","2026-09-19","36","true","","54742","1472747"
"38","Gonzales","LA","2021-11-27","2026-09-19","36","true","","53447","1439846"
"39","Waimea","HI","2021-12-05","2026-09-19","36","true","","52389","1412175"
"40","Roanoke","VA","2022-01-25","2026-09-19","36","true","","58490","1557743"
"41","Portland","OR","2022-01-24","2026-09-19","36","true","","58526","1564601"
"42","Eugene","OR","2022-01-23","2026-09-19","36","true","","59083","1577788"
"44","Vernon","CA","2021-12-27","2026-09-19","36","true","","58632","1570394"
"45","Sacramento","CA","2021-12-26","2026-09-19","36","true","","57504","1533371"
"48","Camden","NJ","2022-01-25","2026-09-19","36","true","","58697","1565765"
"49","Boston","MA","2021-12-27","2026-09-19","36","true","","56670","1512629"
"51","Buffalo","NY","2021-12-27","2026-09-19","36","true","","61109","1626904"
"52","Charlotte","NC","2021-12-26","2026-09-19","36","true","","57703","1545352"
"53","Wilmington","NC","2022-01-25","2026-09-19","36","true","","56182","1499403"
"54","Myrtle Beach","SC","2022-01-25","2026-04-16","36","true","","51578","1376979"
"56","Miami","FL","2021-12-26","2026-09-19","36","true","","57765","1537994"
"57","Tampa","FL","2022-01-28","2026-09-19","36","true","","55338","1478946"
"58","Goulding","FL","2022-01-25","2026-09-19","36","true","","54354","1453875"
"60","Pocatello","ID","2022-03-18","2026-09-19","36","true","","53660","1433704"
"61","Hartrandt","WY","2022-03-18","2026-09-19","36","true","","53724","1440098"
"62","Yankee Hill","NE","2022-03-18","2026-09-19","36","true","","51209","1378476"
"63","Little Rock","AR","2022-03-18","2026-09-19","36","true","","52718","1414674"
"64","St. Paul","MN","2022-03-18","2026-09-19","36","true","","56530","1505317"
"65","Shorewood Hills","WI","2022-03-18","2026-09-19","36","true","","54323","1456012"
"66","Windsor Heights","IA","2022-03-18","2026-09-19","36","true","","51590","1387526"
"67","Jackson","MS","2022-03-18","2026-09-19","36","true","","52286","1404684"
"68","Topeka","KS","2022-03-18","2026-09-19","36","true","","51781","1392825"
"69","Speedway","IN","2022-03-18","2026-09-19","36","true","","54724","1462410"
"70","Cheviot","OH","2022-03-18","2026-09-19","36","true","","53893","1440568"
"71","South Charleston","WV","2022-03-18","2026-09-19","36","true","","51900","1395326"
"72","Annapolis","MD","2022-03-18","2026-09-19","36","true","","55986","1492550"
"73","West Fairview","PA","2022-03-18","2026-09-19","36","true","","55459","1478625"
"74","Montpelier","VT","2022-03-18","2026-09-19","36","true","","50129","1348684"
"75","Concord","NH","2022-03-18","2026-09-19","36","true","","48681","1317317"
"76","Dover","DE","2022-03-18","2026-09-19","36","true","","50573","1356474"
"77","Cranston","RI","2022-03-18","2026-04-16","36","true","","44383","1199258"
"78","Cranston","RI","2022-03-18","2026-04-16","36","true","","51352","1366490"
"79","Hartford","CT","2022-03-19","2022-08-18","0","false","Only 0 of 36 comparison-window months have at least 30 screened pairs on 10 dates at every lead; need 24","3366","98301"